Gender,Married,Dependents,Education,Self_Employed,ApplicantIncome,CoapplicantIncome,LoanAmount,Loan_Amount_Term,Credit_History,Property_Area,Total_Income,Income_Ratio,Loan_Term_Ratio,Loan_Status
1,1,0,0,1,-0.8459299896358452,1.2144342568826656,1.6203827371733357,0.2657762923734712,1.0,2,0.0917448790881215,-1.3949713532146735,0.22851571369119636,1
1,1,2,0,0,-0.3975096769835946,0.5138905643932854,0.6131217188772481,0.2657762923734712,1.0,2,0.002414026116260638,-0.6646429643880077,-0.0011848669028513322,1
1,0,0,0,1,1.1457477920571735,2.159953351040111,-0.09196099393001314,-2.4799920261868964,1.0,2,2.6027632807281873,-0.8171488178625296,0.527126468463458,0
1,1,0,0,0,-0.9273595488985674,0.7875180598236977,0.31094341338842185,0.2657762923734712,1.0,2,-0.2891947353091242,-1.2199336140654924,-0.0700950410810656,1
0,0,1,0,0,-0.2870778089423687,-0.9437847057661096,0.7893923970790635,-4.6766066810351905,1.0,1,-0.9406938871556266,1.0193792290679435,8.049820482918516,0
1,1,2,0,1,1.1178609566932276,-0.9437847057661096,2.0484686699491728,-1.5647359200001072,1.0,1,0.3525498981094164,1.0193792290679435,0.9147461982159133,0
1,1,2,0,0,0.7781993019603661,-0.9437847057661096,0.15985426064400873,0.2657762923734712,1.0,2,0.03989191270790341,1.0193792290679435,-0.10455012817017272,1
0,1,2,0,0,0.16022703029532415,0.7631637801257029,0.08430968427180217,0.2657762923734712,1.0,1,0.6944714387948149,-0.5538444089539977,-0.12177767171472623,1
1,1,0,0,0,-0.9474380703606085,0.14642746189118733,-0.4948654012484482,0.2657762923734712,1.0,2,-0.7671661382792533,-0.7344880436134824,-0.2538555055563037,1
0,1,0,1,0,-1.0299831030378883,1.3748859819518078,1.3685674825993137,0.2657762923734712,0.0,1,0.037324934174229246,-1.6255136080603971,0.17109056854268442,0
1,1,0,0,0,0.45805843198226676,-0.2826376421999565,-0.09196099393001314,-2.4799920261868964,1.0,2,0.21906701435835996,0.31172429555346726,0.527126468463458,1
1,1,1,0,0,-0.8392371491484982,0.5275003089304002,-0.4948654012484482,0.2657762923734712,1.0,1,-0.3944408551897649,-0.969453607830517,-0.2538555055563037,1
1,1,0,0,0,-0.7879253720788377,0.5711947519179791,-0.09196099393001314,0.2657762923734712,1.0,2,-0.3158913120593355,-0.9618242840009618,-0.16197527331868464,1
1,1,2,0,0,1.4190387786238436,-0.9437847057661096,2.0484686699491728,0.2657762923734712,1.0,1,0.629783579746226,1.0193792290679435,0.32613846044366646,1
1,1,0,0,0,-1.656879162019393,2.99587818655658,2.325465449980597,0.2657762923734712,1.0,0,0.6220826441452034,-2.690108199656815,0.38930612010702953,1
1,1,0,0,1,3.3281715276395825,-0.9437847057661096,1.4189305335141182,0.2657762923734712,1.0,0,2.3871370838995576,1.0193792290679435,0.18257559757238676,1
1,1,0,0,0,-1.1259138166898623,-0.22963126873961484,-1.8546677759481662,0.2657762923734712,1.0,1,-1.2009855104701868,-0.45593973260056303,-0.5639512893582679,1
1,1,1,1,0,0.03027437749933608,2.854050322432963,0.36130646430322627,0.2657762923734712,1.0,0,2.073452307084575,-1.4756001203141784,-0.05861001205136314,0
1,1,2,1,0,-0.36962284161964865,0.488819982351232,-0.6207730285354591,0.2657762923734712,1.0,1,0.010114961717283126,-0.6310242942724277,-0.2825680781305595,1
0,1,1,0,0,0.34149146016097276,1.0940954630808088,0.41166951521803063,-2.4799920261868964,1.0,1,1.098513859995128,-0.6605186416872288,0.7568270490575058,1
1,1,0,0,0,-0.778443848055096,1.5632734984392382,-0.21786862121702408,0.2657762923734712,1.0,2,0.40388946878289966,-1.5056705221541633,-0.1906878458929406,1
1,0,0,1,0,-0.16995310041379574,-0.9437847057661096,-0.34377624850403504,0.2657762923734712,1.0,0,-0.8328807887413119,1.0193792290679435,-0.21940041846719643,1
1,1,0,0,0,-0.14987457895175466,0.32765195493803106,0.18503578610141092,0.2657762923734712,1.0,1,0.09687883615546981,-0.40036300395679325,-0.09880761365532155,1
0,0,0,0,0,-0.7410754886674086,0.22020660332923042,-0.9984959103964919,0.2657762923734712,1.0,2,-0.5243299689936776,-0.6468140647004716,-0.3687057958533274,1
1,1,1,0,0,-0.15545194602454385,1.1513996506055024,0.6886662952494547,0.2657762923734712,1.0,1,0.6821499418331789,-0.9186428893206846,0.01604267664170229,0
1,1,0,0,0,-0.5469831145343448,0.6234848230342621,0.7390293461642591,0.2657762923734712,1.0,0,-0.0566264801582451,-0.8312747353817537,0.02752770567140463,1
0,0,0,0,0,0.09497183554369065,-0.9437847057661096,-0.1926870957596219,0.2657762923734712,0.0,1,-0.5890178280422664,1.0193792290679435,-0.18494533137808933,0
1,1,2,0,1,-0.7081690229379524,-0.9437847057661096,-0.44450235033364377,0.2657762923734712,0.0,1,-1.3283076457404253,1.0193792290679435,-0.24237047652660124,0
0,0,0,0,0,-1.3919542260619067,0.3455595135394978,-0.5200469267058504,0.2657762923734712,0.0,1,-1.0336185100746313,-1.3810576772886567,-0.25959802007115484,0
1,0,0,0,0,0.3833217132068916,0.42793428310624493,1.544838160801129,0.2657762923734712,1.0,1,0.6595605307368463,-0.2579069039117924,0.2112881701466426,0
1,1,1,0,1,-0.30436764686801515,0.545407867531867,0.9656630752808788,0.2657762923734712,1.0,1,0.11074052023731029,-0.6353983561333916,0.07921033630506538,1
1,1,1,0,0,0.09497183554369065,1.4694378913675523,1.9477425681195641,0.2657762923734712,1.0,2,1.1406123079473842,-0.9482781766535615,0.3031684023842618,0
0,0,0,0,0,-0.1303537941969925,0.2495749994356359,0.2857618879310197,0.2657762923734712,1.0,0,0.05888755385709221,-0.33134561574570953,-0.07583755559591676,1
0,0,0,0,0,0.0023875421353901443,0.6858031269673664,0.5123956170476394,0.2657762923734712,1.0,1,0.49373371746149536,-0.5761302950110451,-0.02415492496225601,1
1,1,0,1,0,-0.614469256115094,1.0561314388456993,0.7893923970790635,0.2657762923734712,1.0,0,0.191343646194679,-1.1415487304825285,0.03901273470110708,1
1,1,0,0,0,-1.08073714340027,0.5848044964550939,-0.8977698085668832,0.2657762923734712,1.0,2,-0.5756695396671607,-1.2209140255366537,-0.3457357377939227,1
1,1,2,0,0,3.183159983747063,-0.9437847057661096,-0.2934131975892307,0.2657762923734712,1.0,2,2.2536542001485014,1.0193792290679435,-0.2079153894374941,1
1,1,1,0,0,0.6995584262340385,-0.45096869305374415,0.9153000243660744,0.2657762923734712,1.0,0,0.32071936429185677,0.5094851427508125,0.06772530727536293,1
1,1,0,0,0,0.48204111039526026,-0.3492537601974129,0.033946633356997796,0.2657762923734712,1.0,1,0.19339722902161832,0.3774346199573474,-0.13326270074442867,1
1,1,0,0,0,-1.0667937257182971,1.3125676780187034,0.10949120972920436,0.2657762923734712,1.0,1,-0.04122460895620012,-1.6296792716408974,-0.11603515719987506,1
0,1,0,0,0,-0.1833387813884898,0.10130041421549106,0.5123956170476394,0.2657762923734712,1.0,1,-0.0961579495768272,-0.23320927106591902,-0.02415492496225601,1
1,0,0,0,0,-0.7126309165961837,-0.9437847057661096,-1.3510372668001225,0.2657762923734712,1.0,1,-1.332414811394304,1.0193792290679435,-0.44910099906124407,1
1,1,0,0,0,1.0224879797485324,-0.9437847057661096,0.36130646430322627,0.2657762923734712,1.0,0,0.26475923225776005,1.0193792290679435,-0.05861001205136314,1
0,0,0,0,0,0.09162541530001714,-0.9437847057661096,-1.3258557413427203,0.2657762923734712,1.0,1,-0.5920982022826754,1.0193792290679435,-0.44335848454639293,1
1,1,1,0,1,-1.0138087385267998,-0.9437847057661096,-1.4517633686297313,-0.649479813813318,0.0,0,-1.6096484930311135,1.0193792290679435,-0.39626986552461313,0
1,0,0,1,0,-0.44380182368774485,0.6707607777421344,0.059128158814399985,-2.4799920261868964,0.0,2,0.07223584223219785,-0.7993603093810709,0.5960366426416723,0
1,1,1,0,0,-0.621162096602441,0.3763605143340207,-0.01641641755780658,2.09628850474705,1.0,1,-0.30202962797749505,-0.6971660055905171,-0.32133005110580515,1
0,0,2,0,0,-0.13704663468433953,0.5482730769081017,-0.09196099393001314,0.2657762923734712,1.0,1,0.2668128150846994,-0.5521737406831504,-0.16197527331868464,1
1,1,0,1,0,-0.778443848055096,0.4250690737300103,-0.1926870957596219,0.2657762923734712,0.0,1,-0.4118963092187492,-0.8449370425836522,-0.18494533137808933,0
1,1,0,0,0,-0.5135189120976097,0.786801757479639,0.3864879897606284,0.2657762923734712,1.0,0,0.09123148338138666,-0.9169411504419515,-0.052867497536511966,1
1,0,0,0,0,-0.13704663468433953,2.4586514285125767,1.3182044316845094,0.2657762923734712,1.0,2,1.6360391649464976,-1.4398919151895537,0.15960553951298198,0
1,0,0,0,0,-0.648491195259108,0.38638874715084204,0.059128158814399985,0.2657762923734712,1.0,0,-0.31999847771321416,-0.7231127640431536,-0.1275201862295775,1
1,1,3,0,0,0.18811386565927007,0.3534388393241432,0.9153000243660744,0.2657762923734712,0.0,2,0.4264788798792323,-0.27779697567190664,0.06772530727536293,1
1,0,0,1,0,1.8613239874960263,-0.9437847057661096,-0.09196099393001314,0.2657762923734712,1.0,0,1.036906375186948,1.0193792290679435,-0.16197527331868464,0
1,1,0,0,0,-0.6847440812322377,0.4530048651482984,0.7893923970790635,0.2657762923734712,1.0,0,-0.3056233979246389,-0.7995190202378734,0.03901273470110708,1
1,0,0,0,0,-0.648491195259108,-0.9437847057661096,-1.3258557413427203,0.2657762923734712,1.0,2,-1.273374305119798,1.0193792290679435,-0.44335848454639293,1
1,0,0,1,0,-1.424302955084084,-0.9437847057661096,-2.232390657809199,0.2657762923734712,1.0,2,-1.9875077331879503,1.0193792290679435,-0.6500890070810358,0
1,0,0,0,0,3.074401325827674,-0.9437847057661096,1.5952012117159335,0.2657762923734712,1.0,0,2.153542037335209,1.0193792290679435,0.2227731991763452,1
1,1,0,0,0,-0.2223803508980141,0.6012794503684433,-0.11714251938741534,0.2657762923734712,0.0,0,0.22625455425264762,-0.630347525570078,-0.1677177878335358,0
1,1,0,0,0,-0.9942879537720376,-0.137944568700105,0.10949120972920436,0.2657762923734712,1.0,2,-1.0141094732187077,-0.4638146353300454,-0.11603515719987506,1
1,1,0,1,0,-0.9273595488985674,0.1421296478268353,-0.7214991303650679,0.2657762923734712,1.0,2,-0.7517642670772083,-0.7139578216986046,-0.30553813618996434,1
0,1,0,0,0,0.32754804247899977,-0.9437847057661096,-0.9984959103964919,0.2657762923734712,1.0,0,-0.37493181833384126,1.0193792290679435,-0.3687057958533274,0
0,0,0,0,0,0.13066698480954145,-0.9437847057661096,-0.2934131975892307,0.2657762923734712,1.0,1,-0.5561605028112371,1.0193792290679435,-0.2079153894374941,0
0,0,0,0,1,-0.834217518782988,-0.9437847057661096,-0.7718621812798723,0.2657762923734712,1.0,2,-1.4443350754624973,1.0193792290679435,-0.31702316521966667,1
1,1,0,1,0,2.0437038907762326,-0.9437847057661096,-0.4948654012484482,0.2657762923734712,0.0,2,1.2047867712892384,1.0193792290679435,-0.2538555055563037,0
1,1,0,0,0,0.6248217074586635,0.0955699954630217,1.0412076516530853,0.2657762923734712,0.0,2,0.6436452638280664,0.047007941763804253,0.0964378798496189,0
1,0,0,0,0,1.396729310332687,-0.9437847057661096,-0.469683875791046,0.2657762923734712,0.0,0,0.6092477514768326,1.0193792290679435,-0.2481129910414524,0
1,1,0,1,0,-0.7879253720788377,0.7452562215242361,-0.09196099393001314,0.2657762923734712,1.0,2,-0.19113615532277123,-1.0808208814723483,-0.16197527331868464,1
1,1,0,0,0,-0.8899911895108799,0.60844247380903,-0.21786862121702408,0.2657762923734712,1.0,1,-0.3831461496415986,-1.0687608532918211,-0.1906878458929406,1
1,1,1,0,1,-0.6139115194078151,-0.9437847057661096,-0.7214991303650679,0.2657762923734712,1.0,1,-1.2415437713022386,1.0193792290679435,-0.30553813618996434,1
1,1,0,0,0,-0.4393399300295135,1.252398281117775,1.2174783298549006,0.2657762923734712,1.0,2,0.4932203217547605,-1.1312194082655675,0.1366354814535773,1
1,0,0,0,0,-0.07290691334726389,0.23095113849011048,0.10949120972920436,0.2657762923734712,1.0,0,0.09841902327567431,-0.2916677521816193,-0.11603515719987506,1
1,0,1,0,0,-0.1833387813884898,-0.9437847057661096,-0.26823167213182847,-2.4799920261868964,1.0,2,-0.8452022857029479,1.0193792290679435,0.44673126525554147,1
0,0,1,0,0,-0.2536136065056335,-0.9437847057661096,-0.2934131975892307,0.2657762923734712,1.0,1,-0.9098901447515367,1.0193792290679435,-0.2079153894374941,1
1,1,0,0,0,-0.9597082779207446,0.5368122394031629,0.10949120972920436,0.2657762923734712,1.0,2,-0.4986601836569359,-1.0756128613600473,-0.11603515719987506,1
0,1,0,0,0,0.18811386565927007,0.8118723395216925,-0.34377624850403504,0.2657762923734712,1.0,2,0.755052132189525,-0.5705917672046659,-0.21940041846719643,0
1,1,2,0,0,-0.5849092106293112,0.20444795175993966,0.10949120972920436,0.2657762923734712,1.0,2,-0.39187387665609075,-0.5310568137813579,-0.11603515719987506,0
1,0,0,0,0,-0.46220713502794913,-0.9437847057661096,-1.2503111649705139,0.2657762923734712,1.0,2,-1.101900139070364,1.0193792290679435,-0.42613094100183935,0
1,1,2,0,0,0.005733962379063657,0.14929267126742202,1.116752228025292,0.2657762923734712,1.0,2,0.11228070735751479,-0.19457997526146964,0.1136654233941725,1
1,1,0,0,0,-2.1448987808884468,0.3455595135394978,0.2857618879310197,0.2657762923734712,1.0,0,-1.7267027141666553,-3.04289861245861,-0.07583755559591676,0
1,1,1,0,0,0.8211450284208428,-0.20456068669756136,-2.459024386925819,0.2657762923734712,1.0,1,0.6092477514768326,0.3206674403253762,-0.7017716377146965,1
1,1,0,1,0,0.16970855431906576,0.4988482151680534,1.7714718899177488,0.2657762923734712,1.0,0,0.5137561500241539,-0.384360587831648,0.2629708007803034,1
1,1,0,1,1,0.39001455369423865,-0.9437847057661096,-0.6963176049076657,0.2657762923734712,1.0,2,-0.31743149917954,1.0193792290679435,-0.29979562167511314,1
1,1,0,0,0,2.974008718517469,-0.9437847057661096,1.6203827371733357,-2.4799920261868964,1.0,0,2.061130810122939,1.0193792290679435,1.3081084424832201,1
1,1,0,0,0,-0.5068260716102626,0.6392434746035528,0.31094341338842185,0.2657762923734712,0.0,1,-0.008367283725170845,-0.816711048244024,-0.0700950410810656,0
1,1,2,1,0,0.11393488359117389,0.08052764623778962,0.13467273518660655,0.2657762923734712,1.0,0,0.16259348661752837,-0.09840859026270551,-0.1102926426850239,0
1,1,0,0,1,-0.29934801650250487,-0.9437847057661096,-2.484205912383221,-3.395248132373686,1.0,1,-0.951988592703793,1.0193792290679435,-0.4203884264869881,1
1,1,0,0,0,0.35097298418471434,1.102691091209513,-0.31859472304663283,-5.042709123509907,1.0,2,1.113402335490438,-0.6610656309531932,18.271496319353634,1
1,0,0,0,0,-0.32221522150094056,-0.9437847057661096,0.08430968427180217,0.2657762923734712,1.0,1,-0.9730378166799212,1.0193792290679435,-0.12177767171472623,0
1,1,1,1,0,-0.8286401517101988,0.47664284250223454,0.41166951521803063,-2.4799920261868964,1.0,2,-0.42113743193997616,-0.9229284435471066,0.7568270490575058,0
0,0,1,0,1,2.58136207659311,-0.9437847057661096,0.6634847697920525,0.2657762923734712,1.0,1,1.6997002325816168,1.0193792290679435,0.010300162126851121,1
1,1,3,1,0,-0.26421060394393303,-0.9437847057661096,-1.0740404867686986,-2.4799920261868964,1.0,0,-0.9196446631794986,1.0193792290679435,0.07921033630506538,0
1,0,0,0,1,1.340955639604795,-0.9437847057661096,1.922561042662162,0.2657762923734712,1.0,0,0.5579081808033494,1.0193792290679435,0.2974258878694106,1
1,1,2,0,0,-0.3657186846686962,0.2810923025742174,0.6634847697920525,0.2657762923734712,0.0,0,-0.13517602328867448,-0.47079298903659916,0.010300162126851121,0
1,1,0,0,1,-1.0667937257182971,1.9808777650254432,0.9153000243660744,0.2657762923734712,1.0,1,0.4377735854273986,-1.894741831997955,0.06772530727536293,1
0,1,0,1,1,1.7547962764057528,-0.9437847057661096,0.36130646430322627,0.2657762923734712,1.0,0,0.9388477952005951,1.0193792290679435,-0.05861001205136314,1
1,1,3,0,0,1.3443020598484685,-0.9437847057661096,0.6634847697920525,0.2657762923734712,1.0,1,0.5609885550437584,1.0193792290679435,0.010300162126851121,0
1,1,2,0,0,-0.9452071235314928,-0.2376538637319605,-1.149585063140905,-2.4799920261868964,1.0,2,-1.0403953396669587,-0.30053971436382054,0.04475524921595825,1
1,0,0,0,0,-0.8197163643937361,0.3333823736905004,0.5375771425050415,0.2657762923734712,1.0,0,-0.5156022419791854,-0.8016066549102417,-0.01841241044740484,1
1,0,0,0,0,-0.9809022727973435,-0.9437847057661096,-1.5273079450019378,2.09628850474705,0.0,1,-1.5793581463337583,1.0193792290679435,-0.5797432042741086,0
1,1,3,0,0,0.387783606865123,-0.9437847057661096,-0.5955915030780569,0.2657762923734712,1.0,1,-0.31948508200647935,1.0193792290679435,-0.27682556361570837,1
1,1,1,0,1,-1.670822579701366,1.2208809779791936,-0.34377624850403504,0.2657762923734712,1.0,2,-0.6629468098120823,-2.2872395195275352,-0.21940041846719643,0
1,1,2,0,0,-0.053386128592501726,-0.9437847057661096,-0.8474067576520788,0.2657762923734712,1.0,1,-0.7255810860337318,1.0193792290679435,-0.3342507087642203,1
1,1,3,1,0,-0.0020743515228412055,-0.9437847057661096,0.10949120972920436,-2.4799920261868964,1.0,2,-0.6783486810141273,1.0193792290679435,0.6190067007010772,0
1,1,0,0,0,1.9979694807793613,-0.22031933826685213,1.2930229062271072,0.2657762923734712,1.0,1,1.681217987139163,0.5018187953305228,0.15386302499813082,1
1,1,0,0,0,-0.038327237495970924,-0.370742830519173,-0.2934131975892307,0.2657762923734712,1.0,1,-0.3010028365640254,0.27458532257552126,-0.2079153894374941,1
1,1,2,0,0,-0.0762533335909374,-0.9437847057661096,-0.6963176049076657,0.2657762923734712,1.0,1,-0.74663031000986,1.0193792290679435,-0.29979562167511314,1
1,1,0,0,0,-0.5480985879489026,1.2287603037638388,-0.7214991303650679,-0.649479813813318,1.0,2,0.3761661006192187,-1.18830013212886,-0.19643036040779177,1
1,1,0,0,0,0.42515196625281054,-0.9437847057661096,0.86493697345127,2.09628850474705,1.0,1,-0.28508756965524557,1.0193792290679435,-0.1705890450909614,1
1,1,2,1,0,-0.4030870440563838,0.3598855604206712,-1.0740404867686986,0.2657762923734712,1.0,2,-0.11310000789907668,-0.5532612207409162,-0.385933339397881,1
0,0,0,0,0,-0.1693953637065168,-0.9437847057661096,-0.7718621812798723,0.2657762923734712,1.0,0,-0.832367393034577,1.0193792290679435,-0.31702316521966667,1
0,0,0,0,0,-0.8899911895108799,0.3906865612151941,-0.4948654012484482,0.2657762923734712,0.0,2,-0.5392184444889877,-0.90384203615865,-0.2538555055563037,0
1,1,0,0,0,0.9550018381677833,3.085415979563914,1.5952012117159335,0.2657762923734712,1.0,1,3.090489202126278,-1.1649060966889115,0.2227731991763452,1
1,1,0,0,0,-0.1002360120039309,-0.4036927383458719,0.9153000243660744,0.2657762923734712,1.0,2,-0.38160596252139406,0.29329521370245676,0.06772530727536293,1
1,1,0,0,0,0.3370295665027414,-0.9437847057661096,-1.275492690427916,-2.4799920261868964,1.0,1,-0.3662040913193491,1.0193792290679435,-0.01266989593255367,1
1,1,0,0,0,1.260641553756631,-0.9437847057661096,0.9153000243660744,0.2657762923734712,1.0,2,0.48397919903353354,1.0193792290679435,0.06772530727536293,1
1,1,2,0,0,-0.6261817269679513,0.3971332823117221,0.21021731155881312,0.2657762923734712,0.0,1,-0.29176171384279836,-0.7168271908721728,-0.09306509914047038,0
0,0,0,0,0,-0.46276487173522807,1.1943777912490228,0.21021731155881312,0.2657762923734712,1.0,0,0.4300726498263761,-1.1162720422759833,-0.09306509914047038,1
1,0,0,1,0,-0.209552406630599,-0.9437847057661096,-2.484205912383221,-3.395248132373686,1.0,1,-0.8693318839194849,1.0193792290679435,-0.4203884264869881,1
1,1,1,0,0,-0.9937302170647587,0.057605971227912146,-0.9733143849390897,0.2657762923734712,1.0,2,-0.8734390495733636,-0.6839208238091237,-0.3629632813384763,1
0,1,0,0,0,-0.3233306949154984,1.0733226951031074,-0.26823167213182847,0.2657762923734712,1.0,1,0.47165770207189756,-0.9691726967798863,-0.20217287492264294,1
1,0,0,0,0,2.4190606947749447,1.7423490844539058,1.5952012117159335,0.2657762923734712,1.0,0,3.4755359821774023,-0.34642427430055994,0.2227731991763452,1
1,1,1,0,0,0.8389926030537682,-0.04124375225218443,1.1671152789400963,0.2657762923734712,1.0,0,0.7427306352278891,0.19911158799046647,0.12515045242387485,1
1,1,3,0,0,0.23440601236342035,-0.04840677569277114,-0.34377624850403504,0.2657762923734712,1.0,2,0.18107573205998234,0.048500082627089894,-0.21940041846719643,1
1,0,0,0,0,-0.908954237558363,0.8691765270463861,0.31094341338842185,0.2657762923734712,1.0,1,-0.21372556641910384,-1.2551617793683134,-0.0700950410810656,1
1,1,1,1,0,-0.8386794124412194,0.7574333613732336,0.10949120972920436,0.2657762923734712,1.0,0,-0.22912743762114882,-1.1281248521102696,-0.11603515719987506,1
1,1,0,0,0,-0.49790228429379996,-0.012591658489837596,-1.0992220122261007,0.2657762923734712,1.0,2,-0.4673430455461111,-0.27997150758507267,-0.3916758539127322,1
0,0,0,1,0,-1.0210593157214258,-0.9437847057661096,-1.3510372668001225,0.2657762923734712,1.0,1,-1.6163226372186663,1.0193792290679435,-0.44910099906124407,1
1,1,2,0,0,0.5835491911200235,0.5482730769081017,1.544838160801129,0.2657762923734712,1.0,0,0.9301200681861029,-0.2671988021682853,0.2112881701466426,0
1,1,3,1,0,-0.7522302228129869,0.19298711425500092,1.242659855312303,0.2657762923734712,1.0,0,-0.5541069199842978,-0.630141597347864,0.14237799596842846,0
1,1,0,1,0,-0.10135148541848873,0.11849167047289916,0.008765107899595607,-0.649479813813318,1.0,1,-0.008367283725170845,-0.2127121199156074,0.003409144709029649,1
1,1,0,1,0,-0.6016413118476789,-0.5598466493506621,-1.4517633686297313,0.2657762923734712,1.0,0,-0.955068966944202,0.3362546031446634,-0.47207105712064884,0
1,1,0,0,0,-0.599968101725842,-0.9322379113781898,-0.9229513340242854,0.2657762923734712,1.0,0,-1.2204329394100497,0.9952177793603123,-0.35147825230877383,1
1,0,2,0,0,-0.25026718626196004,-0.9437847057661096,-1.0992220122261007,0.2657762923734712,0.0,0,-0.9068097705111278,1.0193792290679435,-0.3916758539127322,0
1,1,2,0,0,-0.47001544892985403,0.17364695096541682,0.2605803624736175,0.2657762923734712,1.0,2,-0.30819037645831304,-0.4372830989990789,-0.08158007011076793,1
1,0,0,1,0,-0.5960639447748897,0.7789224316949936,-0.31859472304663283,0.2657762923734712,1.0,1,0.009601566010548292,-0.9656032152201239,-0.21365790395234527,1
1,1,0,0,0,-0.8492764098795188,0.3763605143340207,0.8901184989086722,0.2657762923734712,1.0,0,-0.5120084720320416,-0.8598321318591247,0.06198279276051176,0
1,0,0,0,1,1.5763205300764989,-0.9437847057661096,0.4368510406754328,0.2657762923734712,1.0,0,0.7745611690454487,1.0193792290679435,-0.04138246850680963,1
0,0,1,1,0,0.6666519605045823,-0.9437847057661096,0.21021731155881312,0.2657762923734712,1.0,1,-0.0627872286390631,1.0193792290679435,-0.09306509914047038,1
1,1,3,0,0,0.9522131546313888,-0.9437847057661096,0.10949120972920436,0.2657762923734712,1.0,2,0.20007137320917115,1.0193792290679435,-0.11603515719987506,1
1,1,0,0,0,-0.03051892359406606,0.7294975699549454,0.2605803624736175,0.2657762923734712,1.0,1,0.49476050887496503,-0.6183889921029765,-0.08158007011076793,1
1,1,0,0,0,-0.15600968273182278,-0.9437847057661096,-2.056119979607384,-2.4799920261868964,1.0,0,-0.820045896072941,1.0193792290679435,-0.3687057958533274,1
0,1,0,0,0,0.32754804247899977,-0.9437847057661096,-0.2934131975892307,0.2657762923734712,1.0,0,-0.37493181833384126,1.0193792290679435,-0.2079153894374941,0
1,1,0,0,0,-0.8436990428067296,0.8226168746825726,-0.8474067576520788,-2.4799920261868964,0.0,0,-0.18702898966889256,-1.1734628104629088,0.18257559757238676,1
0,1,2,0,0,-1.0957960344968007,0.2252207197376411,-0.26823167213182847,2.09628850474705,1.0,1,-0.8472558685298872,-0.941338003751862,-0.36439890996718904,1
0,1,0,0,1,0.8389926030537682,-0.9437847057661096,-0.469683875791046,0.2657762923734712,0.0,0,0.09585204474200015,1.0193792290679435,-0.2481129910414524,0
1,0,0,0,0,-0.8704704047561177,-0.9437847057661096,-1.2251296395131117,0.2657762923734712,1.0,2,-1.4777057964002616,1.0193792290679435,-0.4203884264869881,0
0,0,0,0,0,0.16970855431906576,-0.9437847057661096,0.31094341338842185,0.2657762923734712,0.0,1,-0.5202228033397989,1.0193792290679435,-0.0700950410810656,0
1,1,1,0,0,-0.36962284161964865,1.3841979124245705,0.86493697345127,0.2657762923734712,1.0,2,0.6518595951358238,-1.153278105537567,0.05624027824566059,1
0,0,0,0,0,0.7927004563496179,-0.9437847057661096,0.4872140915902372,2.09628850474705,0.0,2,0.05324020108300906,1.0193792290679435,-0.23519233338303727,0
1,1,0,0,0,1.1624798932755411,0.8963960161206157,1.4692935844289225,0.2657762923734712,1.0,0,1.7125351252499876,-0.28778434546343135,0.19406062660208911,0
1,1,2,1,0,0.16301571383171873,1.3935098428973332,0.2353988370162153,-2.4799920261868964,1.0,2,1.1488266392551416,-0.8823309611906852,0.6764318458495892,1
0,1,0,1,0,-0.5458676411197869,-0.4688762516552109,-0.5452284521632526,0.2657762923734712,1.0,1,-0.838528141515395,0.22651752806890899,-0.26534053458600604,1
0,0,0,0,0,-0.8303133618320355,-0.9437847057661096,-1.7035786232037533,0.2657762923734712,1.0,0,-1.4407413055153535,1.0193792290679435,-0.5294962022691607,1
1,0,0,0,0,-1.1543583887610873,0.38209093308649,-1.8546677759481662,0.2657762923734712,1.0,1,-0.7887287579621163,-1.1373278510806195,-0.5639512893582679,1
1,0,0,1,0,-0.9273595488985674,0.0955699954630217,-0.5452284521632526,2.09628850474705,0.0,2,-0.7851349880149724,-0.6681372201197632,-0.41177465471471136,0
1,1,3,0,0,2.0883228273585464,-0.9437847057661096,0.10949120972920436,-2.4799920261868964,1.0,2,1.245858427828025,1.0193792290679435,0.6190067007010772,1
0,0,0,0,0,-0.3266771151591719,-0.9437847057661096,-0.8977698085668832,0.2657762923734712,1.0,2,-0.9771449823337998,1.0193792290679435,-0.3457357377939227,1
1,1,0,0,0,-0.36962284161964865,0.8469711543805674,0.10949120972920436,0.2657762923734712,1.0,1,0.2668128150846994,-0.8667861210893942,-0.11603515719987506,1
1,1,1,0,0,-0.46889997551529616,0.3305171643142657,0.41166951521803063,0.2657762923734712,1.0,1,-0.19472992526991503,-0.5673708662060839,-0.0471249830216608,1
0,1,0,0,0,-0.8771632452434647,-0.5820520220164809,0.15985426064400873,0.2657762923734712,1.0,1,-1.224601712979989,0.26036129789701246,-0.10455012817017272,1
1,1,0,1,1,0.1942489694393382,-0.41658618053892793,-0.9229513340242854,0.2657762923734712,1.0,1,-0.1197741520866295,0.38178286443989096,-0.35147825230877383,0
1,0,2,0,0,0.8568401776866936,2.3855885894185924,0.9656630752808788,0.2657762923734712,1.0,0,2.4985439522610164,-0.9899452330833374,0.07921033630506538,1
1,1,0,0,0,-0.27815402162590597,0.4630330979651198,-0.1926870957596219,0.2657762923734712,1.0,0,0.07582961217934168,-0.5633296436943099,-0.18494533137808933,1
1,1,2,0,0,0.6633055402609088,-0.9437847057661096,0.7893923970790635,0.2657762923734712,1.0,1,-0.06586760287947209,1.0193792290679435,0.03901273470110708,1
1,1,0,0,0,-0.8347752554902669,0.8168864559301032,0.9153000243660744,0.2657762923734712,1.0,1,-0.1829218240150139,-1.1628214660456921,0.06772530727536293,1
0,1,0,0,0,-0.9290327590204042,2.2695476096810876,-0.5955915030780569,0.2657762923734712,1.0,1,0.7714807948050397,-1.877039970390996,-0.27682556361570837,1
1,1,0,0,0,-0.2547290799201914,0.04184731965862139,-1.7287601486611555,0.2657762923734712,1.0,0,-0.20448444369787686,-0.21266597319090705,-0.5352387167840119,0
1,1,3,1,0,-1.073486566205644,-0.4036927383458719,-0.74668065582247,2.09628850474705,1.0,1,-1.2774814707736768,-0.155206240036578,-0.44622974180381847,1
1,1,0,1,0,-1.2134784797326528,0.32335414087367903,-0.7214991303650679,0.2657762923734712,1.0,0,-0.8852471508282648,-1.1497533872965537,-0.30553813618996434,1
0,0,0,0,0,-1.218498110098163,0.2495749994356359,-1.7539416741185576,0.2657762923734712,1.0,2,-0.942747469982566,-1.0892588087947281,-0.5409812312988631,1
1,1,3,0,0,2.651636901710254,2.6348618051510098,0.15985426064400873,0.2657762923734712,1.0,0,4.329313042477429,-0.5800971110277608,-0.10455012817017272,1
1,0,0,0,0,0.7363690489144472,-0.9437847057661096,0.31094341338842185,0.2657762923734712,1.0,2,0.0013872347027909728,1.0193792290679435,-0.0700950410810656,1
1,1,0,0,0,-0.2246112977271298,2.11196109398818,0.21021731155881312,-2.4799920261868964,0.0,0,1.30695251692947,-1.3694510349115665,0.6649468168198865,0
1,1,0,0,0,-0.723785650741762,0.5131742620492268,-0.04159794301520877,0.2657762923734712,1.0,1,-0.2984358580303512,-0.872258392192361,-0.1504902442889822,1
1,1,2,0,0,0.5601242494143088,-0.9437847057661096,-1.3006742158853182,0.2657762923734712,0.0,1,-0.1608458086254161,1.0193792290679435,-0.4376159700315417,0
1,1,1,0,0,-0.37966210235066916,-0.9437847057661096,-0.6963176049076657,0.2657762923734712,1.0,1,-1.0259175744736089,1.0193792290679435,-0.29979562167511314,1
1,1,2,0,0,0.22548222504695764,-0.9437847057661096,0.08430968427180217,0.2657762923734712,0.0,1,-0.4688832326663156,1.0193792290679435,-0.12177767171472623,0
1,1,1,0,0,1.299125386558876,-0.9437847057661096,1.2930229062271072,0.2657762923734712,1.0,1,0.519403502798237,1.0193792290679435,0.15386302499813082,1
1,1,0,0,0,-0.5553491651435286,1.5031041015383098,-1.7035786232037533,-2.4799920261868964,1.0,1,0.5661225121111068,-1.323690627365338,-0.2079153894374941,1
1,1,0,0,0,-0.7416332253746875,2.1363153736861746,-0.06677946847261096,0.2657762923734712,1.0,0,0.8484901508152646,-1.6971645949981677,-0.15623275880383336,1
1,1,0,0,0,0.4206900725945792,0.7273486629227693,0.15985426064400873,0.2657762923734712,1.0,2,0.90855744850324,-0.43015750978634215,-0.10455012817017272,1
0,0,0,1,0,0.1975953896830117,-0.9437847057661096,0.7642108716216612,0.2657762923734712,1.0,0,-0.49455301800305723,1.0193792290679435,0.0332702201862558,1
1,1,1,0,0,0.16022703029532415,1.2051223264099027,1.2174783298549006,-3.944401796085759,1.0,0,1.0112365898502065,-0.7933906439186419,3.381976541560906,0
0,0,0,0,0,3.3488077858089023,0.2495749994356359,2.5520991790972167,0.2657762923734712,1.0,0,3.2614499724689776,0.39090893439551844,0.44098875074069027,0
1,0,0,0,0,-0.4276274591766562,1.0181674146105897,-0.34377624850403504,0.2657762923734712,1.0,2,0.33612123549390177,-1.000358358946411,-0.21940041846719643,1
1,0,0,0,0,0.055372529326887424,1.5253094742041287,0.6886662952494547,0.2657762923734712,1.0,0,1.1442060778945282,-0.9919653784261607,0.01604267664170229,1
1,1,2,0,0,2.000758164315756,-0.9437847057661096,1.5952012117159335,0.2657762923734712,1.0,2,1.1652553018706562,1.0193792290679435,0.2227731991763452,1
1,0,0,0,0,-1.0796216699857122,0.6385271722594942,0.2605803624736175,0.2657762923734712,1.0,1,-0.5361380702485786,-1.2578213794882767,-0.08158007011076793,1
1,1,2,1,0,-0.9563618576770712,-0.9437847057661096,-0.26823167213182847,0.2657762923734712,1.0,0,-1.5567687352374258,1.0193792290679435,-0.20217287492264294,0
1,1,3,0,0,-0.29544385955155245,1.5116997296670138,0.6634847697920525,0.2657762923734712,1.0,0,0.8115256599303566,-1.1688925740675045,0.010300162126851121,1
1,1,2,1,0,-0.5090570184393783,0.6091587761530887,0.059128158814399985,0.2657762923734712,1.0,2,-0.031983486234973144,-0.7975959294032113,-0.1275201862295775,1
1,1,3,0,0,0.1591115568807663,-0.9437847057661096,-0.5955915030780569,0.2657762923734712,1.0,2,-0.5299773217677607,1.0193792290679435,-0.27682556361570837,1
1,1,0,0,0,-0.16047157639005413,0.8963960161206157,1.242659855312303,0.2657762923734712,1.0,2,0.49476050887496503,-0.7817451545742199,0.14237799596842846,0
0,1,2,1,0,-2.111434578451712,1.145669231853033,-0.6459545539928613,0.2657762923734712,1.0,1,-1.1224359673397575,-3.0858770876501156,-0.2883105926454108,1
1,0,0,1,0,-0.7131886533034626,-0.9437847057661096,-1.6028525213741445,-2.4799920261868964,1.0,2,-1.3329282071010387,1.0193792290679435,-0.16197527331868464,1
1,1,2,0,0,2.4190606947749447,1.3247448178677008,1.0412076516530853,0.2657762923734712,1.0,0,3.176226285150995,-0.19256309711676492,0.0964378798496189,1
1,1,3,1,0,-0.45886071478427565,-0.9437847057661096,-1.2503111649705139,0.2657762923734712,1.0,1,-1.0988197648299551,1.0193792290679435,-0.42613094100183935,1
1,1,1,0,1,-0.29544385955155245,-0.07705886945511797,0.15985426064400873,0.2657762923734712,1.0,0,-0.3271860176075018,-0.1194080258367597,-0.10455012817017272,1
1,1,0,1,0,-0.9719784854808808,0.5124579597051682,-0.34377624850403504,0.2657762923734712,1.0,0,-0.5274103432340865,-1.0680749059784342,-0.21940041846719643,1
1,0,0,0,0,-1.1052775585205425,0.43796251592306634,-1.2503111649705139,0.2657762923734712,1.0,2,-0.703505070644134,-1.1335868169199126,-0.42613094100183935,1
1,1,0,0,0,-0.45886071478427565,1.220164675635135,0.33612493884582406,0.2657762923734712,1.0,2,0.4521486652159739,-1.1270237102049057,-0.06435252656621442,1
1,0,1,0,0,-0.5207694892922357,0.47950805187846923,-0.31859472304663283,-2.4799920261868964,0.0,2,-0.13568941899540932,-0.7125264110666114,0.4237612071961368,0
1,1,0,1,0,-0.778443848055096,0.27392927913363074,-0.4193208248762416,0.2657762923734712,1.0,0,-0.5202228033397989,-0.7204723270897474,-0.23662796201175007,1
1,0,0,1,0,-0.05227065517794389,0.2495749994356359,-0.3689577739614372,0.2657762923734712,1.0,0,0.13076295279996877,-0.29738342496375714,-0.22514293298204774,1
1,0,0,1,0,-0.09075448798018929,-0.9437847057661096,-0.34377624850403504,0.2657762923734712,1.0,0,-0.7599785983849656,1.0193792290679435,-0.21940041846719643,1
0,1,0,0,0,3.3750214110510113,-0.9437847057661096,0.10949120972920436,-1.5647359200001072,1.0,1,2.4302623232652834,1.0193792290679435,0.25148577175060105,1
1,1,0,0,0,-0.0015166148155622867,1.4013891686819786,2.098831720863977,0.2657762923734712,1.0,1,1.003022258542449,-0.9633127287671694,0.3376234894733688,1
1,1,0,1,0,-0.8899911895108799,1.7781642016568395,0.10949120972920436,-2.4799920261868964,1.0,2,0.45522903945638293,-1.6778858968918922,0.6190067007010772,0
1,1,0,0,0,0.17528592139185495,-0.9437847057661096,0.15985426064400873,0.2657762923734712,1.0,1,-0.5150888462724506,1.0193792290679435,-0.10455012817017272,1
0,0,0,1,0,-1.1649553861993867,0.7502703379326469,-0.09196099393001314,0.2657762923734712,1.0,2,-0.5345978831283742,-1.4169256288778644,-0.16197527331868464,1
1,1,2,0,0,0.09552957225096957,0.09270478608678702,0.86493697345127,0.2657762923734712,1.0,0,0.15437915530977106,-0.11492056426058034,0.05624027824566059,1
1,0,0,1,0,-0.44993692746781294,0.9171687840983171,-0.09196099393001314,0.2657762923734712,1.0,0,0.24319661257489708,-0.9563043695110243,-0.16197527331868464,1
1,1,1,0,0,-1.3222371376520419,0.34770842057167384,-0.6963176049076657,0.2657762923734712,1.0,2,-0.9679038596125727,-1.2952777703374652,-0.29979562167511314,1
1,1,1,0,0,-0.6947833419632583,0.375644211989962,-0.21786862121702408,0.2657762923734712,1.0,1,-0.37031125697322775,-0.7459246543741817,-0.1906878458929406,1
1,0,0,0,0,0.5015618951500224,-0.9437847057661096,-0.5452284521632526,0.2657762923734712,1.0,1,-0.21475235783257351,1.0193792290679435,-0.26534053458600604,1
1,0,0,0,0,0.7927004563496179,-0.9437847057661096,1.116752228025292,0.2657762923734712,1.0,2,0.05324020108300906,1.0193792290679435,0.1136654233941725,1
0,0,0,1,0,-0.7115154431816259,-0.9437847057661096,-1.0992220122261007,0.2657762923734712,0.0,2,-1.3313880199808341,1.0193792290679435,-0.3916758539127322,0
1,1,2,0,0,0.3972651308888646,0.04972664544326676,0.6634847697920525,0.2657762923734712,1.0,1,0.4013224902492255,0.0179172142940127,0.010300162126851121,1
0,0,0,1,0,-0.3322544822319611,-0.9437847057661096,-0.7214991303650679,0.2657762923734712,1.0,0,-0.9822789394011481,1.0193792290679435,-0.30553813618996434,0
1,1,0,1,0,-1.0199438423068679,0.7753409199747003,-0.21786862121702408,0.2657762923734712,1.0,2,-0.3831461496415986,-1.2932816835593917,-0.1906878458929406,1
1,0,0,0,0,1.272354024609488,-0.9437847057661096,-0.14232404484481753,0.2657762923734712,0.0,0,0.49476050887496503,1.0193792290679435,-0.17346030234838697,0
1,1,1,0,1,3.255665755693323,0.36919749089343395,1.4692935844289225,-2.4799920261868964,1.0,2,3.2614499724689776,0.32791101170026377,1.2391982683050056,1
0,0,0,0,0,-1.8688191107853822,1.694356827401975,-0.26823167213182847,2.09628850474705,1.0,0,-0.5058477235512235,-2.7255722645867446,-0.36439890996718904,1
1,1,2,0,0,-0.5793318435565221,-0.9437847057661096,-1.0740404867686986,0.2657762923734712,1.0,1,-1.2097132374846788,1.0193792290679435,-0.385933339397881,1
1,0,1,1,1,-0.6841863445249589,0.16075350877236075,1.67074578808814,0.2657762923734712,1.0,1,-0.5145754505657157,-0.5547416557082356,0.2400007427208987,0
1,1,2,1,0,-1.1169900293733996,0.22020660332923042,-0.26823167213182847,-2.4799920261868964,1.0,1,-0.8703586753329546,-0.957210493666727,0.44673126525554147,1
1,0,0,0,0,-0.5665038992891069,0.5482730769081017,-0.09196099393001314,0.2657762923734712,1.0,0,-0.12850187910112165,-0.7911814014985445,-0.16197527331868464,1
1,0,0,0,0,-0.18724293833944222,2.6835703645469993,1.5952012117159335,0.2657762923734712,1.0,1,1.7510398032551002,-1.535143494294582,0.2227731991763452,1
0,0,0,0,0,-0.5073838083175416,-0.9437847057661096,-0.09196099393001314,0.2657762923734712,1.0,1,-1.1434851913158854,1.0193792290679435,-0.16197527331868464,1
1,1,3,0,0,-0.3322544822319611,0.8469711543805674,-0.01641641755780658,0.2657762923734712,0.0,0,0.3012103274359332,-0.8453669552486243,-0.14474772977413103,0
1,0,0,0,0,-0.13704663468433953,-0.9437847057661096,-0.26823167213182847,2.09628850474705,1.0,2,-0.8025904420439567,1.0193792290679435,-0.36439890996718904,0
1,0,0,0,0,-0.5916020511166583,-0.9437847057661096,-0.6459545539928613,0.2657762923734712,1.0,1,-1.2210079430328453,1.0193792290679435,-0.2883105926454108,1
0,1,0,0,0,-0.8431413060994507,0.7051432902569506,0.33612493884582406,0.2657762923734712,1.0,1,-0.27071248986667024,-1.0973453615004445,-0.06435252656621442,1
1,1,0,0,0,-0.1627025232191698,0.488819982351232,-0.09196099393001314,0.2657762923734712,1.0,0,0.200584768915906,-0.5236786233118254,-0.16197527331868464,1
1,1,2,0,0,0.007407172500900413,0.2861064189826281,-0.1926870957596219,0.2657762923734712,1.0,1,0.2118794744640723,-0.30024621773485977,-0.18494533137808933,1
1,0,0,0,0,0.09497183554369065,-0.9437847057661096,-0.6459545539928613,0.2657762923734712,0.0,1,-0.5890178280422664,1.0193792290679435,-0.2883105926454108,0
1,1,0,1,0,1.136266268033432,-0.9437847057661096,0.9153000243660744,0.2657762923734712,1.0,2,0.3694919564316659,1.0193792290679435,0.06772530727536293,0
1,0,1,1,0,-0.22293808760529302,-0.9437847057661096,-0.5955915030780569,-1.5647359200001072,1.0,2,-0.8816533808811209,1.0193792290679435,0.010300162126851121,1
1,1,0,0,0,-0.8899911895108799,-0.9437847057661096,-1.2251296395131117,0.2657762923734712,1.0,2,-1.4956746461359807,1.0193792290679435,-0.4203884264869881,1
1,1,0,0,0,-0.2764808115040692,0.2502913017796946,-0.2430501466744263,0.2657762923734712,1.0,1,-0.07510872560069907,-0.4004263174084444,-0.19643036040779177,1
1,1,2,1,0,-0.04390460456876011,-0.9437847057661096,0.008765107899595607,0.2657762923734712,1.0,1,-0.7168533590192397,1.0193792290679435,-0.13900521525927986,1
1,1,2,0,0,2.233334371251065,-0.9437847057661096,1.922561042662162,0.2657762923734712,1.0,1,1.3793413115790814,1.0193792290679435,0.2974258878694106,1
1,1,1,1,0,-1.136510814128162,0.8011278043608124,0.18503578610141092,0.2657762923734712,1.0,0,-0.4719636069067246,-1.4203911905471172,-0.09880761365532155,1
1,1,0,1,0,1.1714036805920038,-0.9437847057661096,2.3758285008954014,0.2657762923734712,0.0,0,0.4018358859559603,1.0193792290679435,0.40079114913673186,0
0,0,0,0,0,1.78714500542793,-0.9437847057661096,-0.09196099393001314,0.2657762923734712,1.0,0,0.9686247461912154,1.0193792290679435,-0.16197527331868464,1
1,1,2,0,0,-0.1091597993203936,1.6349037328451053,2.325465449980597,0.2657762923734712,0.0,2,1.071303887538182,-1.1215509847095648,0.38930612010702953,0
1,1,2,1,0,-0.3562371606449546,1.1041236958976302,0.5123956170476394,0.2657762923734712,1.0,2,0.4634433707641402,-1.0047343559816255,-0.02415492496225601,1
1,0,0,0,0,-0.4672267653934594,1.2430863506450123,-0.872588283109481,0.2657762923734712,1.0,0,0.46087639223046606,-1.1438224192488518,-0.33999322327907144,1
1,1,2,1,0,-1.136510814128162,0.09915150718331504,-1.6028525213741445,-0.649479813813318,1.0,2,-0.9750913995068604,-0.8574708730706676,-0.4376159700315417,1
0,0,1,1,1,-0.07179143993270605,-0.9437847057661096,-1.5524894704593402,0.2657762923734712,1.0,1,-0.7425231443559813,1.0193792290679435,-0.4950411151800536,0
1,1,0,0,0,2.4196184314822236,-0.9437847057661096,0.9153000243660744,0.2657762923734712,1.0,1,1.5508154776285155,1.0193792290679435,0.06772530727536293,0
1,1,3,1,1,0.9522131546313888,-0.9437847057661096,0.15985426064400873,0.2657762923734712,1.0,0,0.20007137320917115,1.0193792290679435,-0.10455012817017272,1
0,1,0,0,0,-0.7533456962275448,1.520295357795718,-0.09196099393001314,0.2657762923734712,0.0,2,0.3961885331818772,-1.4685016949674918,-0.16197527331868464,0
1,0,2,0,0,-0.21122561675243573,-0.9437847057661096,-0.4193208248762416,0.2657762923734712,1.0,1,-0.8708720710396894,1.0193792290679435,-0.23662796201175007,1
1,1,0,0,0,0.18811386565927007,0.8118723395216925,-0.34377624850403504,0.2657762923734712,1.0,2,0.755052132189525,-0.5705917672046659,-0.21940041846719643,0
1,1,2,0,1,1.2572951335129572,-0.012591658489837596,-0.3941392994188394,0.2657762923734712,1.0,0,1.1483132435484067,0.2616254153615554,-0.2308854474968989,1
1,0,1,0,0,0.21655843773049493,0.3405453971310871,-0.16750557030221971,0.2657762923734712,1.0,2,0.44342093820148176,-0.258042850260512,-0.17920281686323813,1
1,1,0,0,0,-1.656879162019393,1.0425216943085844,-0.2934131975892307,0.2657762923734712,1.0,0,-0.7779474481206847,-2.1937385063452286,-0.2079153894374941,1
1,1,1,0,0,-1.1052775585205425,1.1513996506055024,-0.26823167213182847,0.2657762923734712,1.0,2,-0.19216294673624087,-1.5868857861856034,-0.20217287492264294,0
0,0,0,0,0,-0.4666690286861805,-0.9437847057661096,-0.5955915030780569,0.2657762923734712,1.0,1,-1.1060073047242427,1.0193792290679435,-0.27682556361570837,1
1,0,0,0,0,1.1178609566932276,-0.9437847057661096,0.4368510406754328,0.2657762923734712,1.0,2,0.3525498981094164,1.0193792290679435,-0.04138246850680963,1
1,1,0,1,0,-0.6250662535533934,0.30974439633656425,-0.469683875791046,0.2657762923734712,1.0,1,-0.35336919865097827,-0.6457887149812296,-0.2481129910414524,1
1,1,2,0,1,1.4709082924007832,-0.9437847057661096,0.10949120972920436,0.2657762923734712,0.0,0,0.6775293804725654,1.0193792290679435,-0.11603515719987506,0
0,0,1,0,1,1.9271369189549388,-0.9437847057661096,0.10949120972920436,0.2657762923734712,1.0,1,1.0974870685816585,1.0193792290679435,-0.11603515719987506,1
0,0,0,0,0,-0.32221522150094056,-0.9437847057661096,0.2857618879310197,0.2657762923734712,1.0,0,-0.9730378166799212,1.0193792290679435,-0.07583755559591676,0
1,1,3,0,1,0.9377120002421369,0.07622983217343758,-0.5955915030780569,0.2657762923734712,1.0,0,0.917798571224467,0.13686400348540148,-0.27682556361570837,1
1,1,0,1,0,-1.2982544592390484,1.8426314126221197,1.9477425681195641,0.2657762923734712,0.0,1,0.12562899573262043,-2.0607063899496563,0.3031684023842618,0
1,1,0,1,0,-0.5140766488048886,0.3455595135394978,-0.01641641755780658,0.2657762923734712,0.0,1,-0.22553366767400498,-0.6058652910339811,-0.14474772977413103,0
0,0,0,1,0,0.229944118705189,-0.9437847057661096,-0.09196099393001314,0.2657762923734712,1.0,1,-0.46477606701243696,1.0193792290679435,-0.16197527331868464,1
0,1,0,0,0,-0.5949484713603318,0.7273486629227693,0.3864879897606284,0.2657762923734712,1.0,1,-0.026336133460889984,-0.931793085889279,-0.052867497536511966,1
0,0,0,0,0,-0.902261397071016,-0.9437847057661096,-1.955393877777775,0.2657762923734712,1.0,0,-1.506969351684147,1.0193792290679435,-0.5869213474176727,0
1,0,0,1,1,-0.7879253720788377,0.60844247380903,-0.4948654012484482,0.2657762923734712,1.0,0,-0.2891947353091242,-0.9883125090661716,-0.2538555055563037,1
1,1,2,1,1,-1.182802960832312,0.39928218934389814,-0.6711360794502634,0.2657762923734712,1.0,1,-0.8025904420439567,-1.1810212684256065,-0.294053107160262,1
1,1,2,0,0,-0.7182082836689728,-0.10785987024964082,-0.6711360794502634,0.2657762923734712,1.0,1,-0.7384159787021026,-0.30597167703526834,-0.294053107160262,1
1,0,0,1,0,-0.13816210809889737,0.2510076041237533,-0.34377624850403504,0.2657762923734712,1.0,1,0.05272680537627422,-0.3359634702744647,-0.21940041846719643,1
1,1,2,0,1,0.9761958330443823,-0.9437847057661096,0.5123956170476394,-3.944401796085759,1.0,0,0.22214738859876895,1.0193792290679435,2.692874799778764,1
1,0,0,0,1,1.7687396940877258,-0.9437847057661096,0.10949120972920436,0.2657762923734712,1.0,2,0.9516826878689659,1.0193792290679435,-0.11603515719987506,1
0,0,0,0,1,-0.2971170696733892,-0.9437847057661096,-0.04159794301520877,0.2657762923734712,1.0,2,-0.9499350098768536,1.0193792290679435,-0.1504902442889822,1
0,0,0,0,0,0.5601242494143088,-0.9437847057661096,-0.5200469267058504,0.2657762923734712,0.0,1,-0.1608458086254161,1.0193792290679435,-0.25959802007115484,0
1,0,1,0,1,0.3883413435724019,-0.9437847057661096,-0.44450235033364377,0.2657762923734712,1.0,0,-0.31897168629974454,1.0193792290679435,-0.24237047652660124,0
1,1,1,1,0,-0.7488838025693134,0.13066881032189656,-0.26823167213182847,-2.4799920261868964,0.0,0,-0.5956919722298192,-0.570122695439798,0.44673126525554147,0
1,1,0,0,0,-0.7672891139095177,0.6485554050763156,0.6634847697920525,0.2657762923734712,1.0,1,-0.2414489345827848,-1.0006456753004898,0.010300162126851121,1
1,0,0,1,0,-1.1130858724224473,-0.9437847057661096,0.10949120972920436,0.2657762923734712,1.0,2,-1.7010329288299135,1.0193792290679435,-0.11603515719987506,0
1,1,0,0,0,2.1781184372304523,0.36919749089343395,1.4189305335141182,0.2657762923734712,1.0,0,2.269569467057281,0.1906687067943297,0.18257559757238676,1
1,1,2,0,1,-0.834217518782988,2.351206076903776,1.3182044316845094,0.2657762923734712,1.0,0,0.9172851755177321,-1.831843950782854,0.15960553951298198,1
1,1,1,0,0,-0.48563207673366376,0.906424248937437,1.1671152789400963,0.2657762923734712,1.0,1,0.2026383517428453,-0.9720834496376765,0.12515045242387485,0
1,1,0,0,0,0.1702662910263447,-0.9437847057661096,-0.14232404484481753,0.2657762923734712,1.0,2,-0.5197094076330641,1.0193792290679435,-0.17346030234838697,1
1,1,2,1,0,-1.006000424624895,0.30401397758409493,-1.9805754032351772,0.2657762923734712,1.0,1,-0.7081256320047475,-0.9293231942334108,-0.5926638619325238,1
1,1,0,0,0,-0.16102931309733304,1.3240285155236422,1.4692935844289225,0.2657762923734712,1.0,0,0.8007443500889252,-1.0078193669060356,0.19406062660208911,1
1,0,0,0,0,-0.2764808115040692,-0.9437847057661096,-1.0740404867686986,-0.649479813813318,1.0,1,-0.9309393687276648,1.0193792290679435,-0.2929046042572917,1
1,1,1,0,0,-0.5057105981957049,-0.026917705371011014,-0.06677946847261096,0.2657762923734712,0.0,1,-0.4847984995750954,-0.26993761084587825,-0.15623275880383336,0
1,1,0,0,1,-0.7912717923225112,1.7423490844539058,0.7138478207068569,0.2657762923734712,1.0,0,0.5204302942117066,-1.5889665479514377,0.02178519115655346,1
1,0,0,0,0,0.4206900725945792,-0.9437847057661096,-0.74668065582247,0.2657762923734712,1.0,1,-0.2891947353091242,1.0193792290679435,-0.3112806507048155,1
1,1,2,0,0,-0.44380182368774485,-0.4423730649250401,-1.3510372668001225,0.2657762923734712,1.0,2,-0.7255810860337318,0.22949187099333565,-0.44910099906124407,1
0,0,0,0,0,1.1178609566932276,-0.9437847057661096,0.8145739225364657,0.2657762923734712,1.0,2,0.3525498981094164,1.0193792290679435,0.04475524921595825,1
1,1,2,1,0,1.1875780451030924,0.22020660332923042,1.5952012117159335,2.09628850474705,1.0,1,1.2509923848953732,0.09663063334484169,-0.04568935439294801,0
1,1,3,0,1,0.7084822135505012,0.3269356525939724,1.5952012117159335,0.2657762923734712,1.0,1,0.8864814331136422,-0.08957261256658983,0.2227731991763452,1
1,1,3,0,0,-0.7416332253746875,0.5482730769081017,-0.7214991303650679,0.2657762923734712,1.0,0,-0.28970813101585907,-0.9108941911380221,-0.30553813618996434,1
1,1,0,1,0,0.49710000149179107,-0.9437847057661096,0.2353988370162153,0.2657762923734712,1.0,0,-0.21885952348645218,1.0193792290679435,-0.08732258462561909,0
1,1,0,0,1,-1.8526447462742937,2.849752508368611,1.116752228025292,0.2657762923734712,1.0,0,0.33714802690737145,-2.8845809165688543,0.1136654233941725,1
1,1,0,0,0,1.0180260860903012,-0.9437847057661096,0.5123956170476394,0.2657762923734712,1.0,2,0.2606520666038814,1.0193792290679435,-0.02415492496225601,1
1,0,3,1,0,0.3967073941815857,0.48380586594282127,0.6131217188772481,0.2657762923734712,1.0,1,0.7119268928237992,-0.2896948579483683,-0.0011848669028513322,1
1,1,0,1,0,0.2628505844346452,-0.9437847057661096,-0.09196099393001314,0.2657762923734712,1.0,0,-0.4344857203150818,1.0193792290679435,-0.16197527331868464,1
1,1,1,1,0,0.7458505729381888,-0.13364675463575296,1.5700196862585314,0.2657762923734712,1.0,2,0.5907655060343787,0.24937521834232332,0.217030684661494,1
1,0,0,1,0,1.1429591085207789,-0.9437847057661096,-0.21786862121702408,0.2657762923734712,0.0,0,0.37565270491248387,1.0193792290679435,-0.1906878458929406,0
1,1,2,0,0,1.5082766517884707,0.30974439633656425,2.6780068063842277,-0.649479813813318,1.0,1,1.610369379609756,0.1079707389818579,0.7338569909981011,1
1,1,0,0,1,1.0163528759684644,0.6034283574006193,1.5196566353437269,0.2657762923734712,1.0,1,1.368046606030915,-0.1721136449822113,0.20554565563179145,1
1,0,0,1,0,-0.806330683419042,0.5189046808016962,0.059128158814399985,0.2657762923734712,1.0,0,-0.37031125697322775,-0.9375971715774524,-0.1275201862295775,1
1,0,0,1,0,1.5545687984926209,-0.9437847057661096,0.15985426064400873,0.2657762923734712,1.0,1,0.7545387364827902,1.0193792290679435,-0.10455012817017272,1
1,1,2,0,0,-0.4995754944156367,0.059038575916029484,-0.26823167213182847,0.2657762923734712,1.0,2,-0.4175436619928323,-0.34975885826137654,-0.20217287492264294,1
1,0,1,1,1,0.031947587621172835,0.7939647809202257,0.86493697345127,0.2657762923734712,0.0,2,0.5984664416354012,-0.6284588962351443,0.05624027824566059,0
1,1,0,1,0,-0.3289080619882876,2.2201227479410393,-0.01641641755780658,0.2657762923734712,1.0,1,1.288470271487016,-1.465388506437364,-0.14474772977413103,1
1,1,0,0,0,-1.2196135835127209,0.39426807293548743,-0.8474067576520788,0.2657762923734712,1.0,2,-0.8400683286355995,-1.2163282114095932,-0.3342507087642203,1
1,1,2,0,0,-0.7879253720788377,0.7251997558905934,0.033946633356997796,0.2657762923734712,1.0,0,-0.20551123511134653,-1.0677093763299685,-0.13326270074442867,1
1,1,2,1,0,-0.17887688773025845,-0.7704395385039113,-0.3941392994188394,0.2657762923734712,1.0,1,-0.7168533590192397,0.7474890476058862,-0.2308854474968989,1
1,1,1,0,0,1.6058805755622816,-0.9437847057661096,1.922561042662162,0.2657762923734712,1.0,1,0.8017711415023948,1.0193792290679435,0.2974258878694106,1
1,0,0,0,0,-0.17831915102297952,2.1370316760302335,1.2174783298549006,0.2657762923734712,1.0,0,1.3675332103241802,-1.353423212882604,0.1366354814535773,1
1,1,0,0,0,1.074915230232751,0.5275003089304002,2.199557822693586,0.2657762923734712,1.0,0,1.3675332103241802,-0.11378427145900946,0.3605935475327737,1
0,0,0,0,0,-0.10190922212576765,-0.9437847057661096,-0.1926870957596219,-2.4799920261868964,1.0,2,-0.7702465125196623,1.0193792290679435,0.4811863523446487,1
1,1,1,0,0,2.4006553834347404,-0.9437847057661096,0.7138478207068569,-0.649479813813318,0.0,1,1.5333600235995313,1.0193792290679435,0.1963576324080297,0
1,1,1,1,0,-0.33281221893924,0.23095113849011048,-0.31859472304663283,-2.4799920261868964,1.0,2,-0.14082337606275763,-0.4129116285980309,0.4237612071961368,1
0,0,1,0,0,-0.10246695883304657,-0.9437847057661096,-0.2934131975892307,0.2657762923734712,1.0,0,-0.7707599082263972,1.0193792290679435,-0.2079153894374941,1
1,0,0,0,0,0.10891525322566362,-0.9437847057661096,-0.09196099393001314,0.2657762923734712,1.0,0,-0.5761829353738956,1.0193792290679435,-0.16197527331868464,1
0,1,0,1,0,-1.1532429153465296,0.23381634786634517,-0.5955915030780569,0.2657762923734712,1.0,1,-0.8939748778427569,-1.006073412521864,-0.27682556361570837,1
1,1,3,0,0,0.6995584262340385,-0.9437847057661096,-0.74668065582247,0.2657762923734712,1.0,2,-0.032496881941707974,1.0193792290679435,-0.3112806507048155,0
1,1,3,1,0,-0.5849092106293112,0.2481423947475186,-1.3510372668001225,-2.4799920261868964,0.0,2,-0.36055673854526593,-0.5687649599709927,-0.0471249830216608,0
1,1,0,0,0,-0.4159149883237989,-0.9437847057661096,1.1671152789400963,0.2657762923734712,1.0,0,-1.059288295411373,1.0193792290679435,0.12515045242387485,0
1,1,2,0,0,0.5601242494143088,1.6828959898970361,2.8290959591286406,0.2657762923734712,1.0,1,1.7217762479712146,-0.8425957621190526,0.5041564104040533,1
1,0,0,0,0,0.0023875421353901443,0.8469711543805674,0.41166951521803063,0.2657762923734712,1.0,0,0.6092477514768326,-0.6732365382347871,-0.0471249830216608,1
1,1,0,0,0,0.9321346331693476,0.9665936458383654,1.4189305335141182,0.2657762923734712,1.0,0,1.5508154776285155,-0.38894045579293907,0.18257559757238676,1
1,1,3,0,0,-0.5391748006324399,-0.9437847057661096,-0.6207730285354591,0.2657762923734712,1.0,2,-1.172748746599771,1.0193792290679435,-0.2825680781305595,1
1,0,0,0,1,1.7230052840908545,-0.9437847057661096,-0.9984959103964919,0.2657762923734712,1.0,1,0.9095842399167097,1.0193792290679435,-0.3687057958533274,1
1,1,1,0,0,0.32754804247899977,0.13639922907436594,0.10949120972920436,0.2657762923734712,1.0,0,0.39926890742228616,-0.07016401513506863,-0.11603515719987506,0
1,1,1,1,0,-0.9797867993827858,0.8641624106379755,0.10949120972920436,0.2657762923734712,1.0,2,-0.2825205911215714,-1.3126849555525564,-0.11603515719987506,1
1,1,2,1,1,1.3314741155810534,-0.22748236170743885,1.5952012117159335,0.2657762923734712,1.0,0,1.0625761605236899,0.4233070368713971,0.2227731991763452,0
1,1,0,0,0,-0.35121753027944436,0.6320804511629662,0.2857618879310197,0.2657762923734712,1.0,0,0.1297361613864991,-0.7200678045237959,-0.07583755559591676,0
1,0,0,1,0,-0.7232279140344832,1.0511173224372885,-0.6963176049076657,0.2657762923734712,1.0,1,0.08763771343424283,-1.215527913718175,-0.29979562167511314,1
1,1,2,0,0,1.2572951335129572,3.1061887475416152,1.6203827371733357,-2.4799920261868964,1.0,1,3.3836381506718674,-1.0708533671734093,1.3081084424832201,1
1,0,0,0,0,-0.5748699498982908,3.1398549577123727,0.7893923970790635,-4.310504238560475,1.0,2,1.72126285226448,-1.8757242180150773,4.489461483710779,1
1,0,0,0,0,-1.224633213878231,-0.07490996242294196,-1.930212352320373,0.2657762923734712,1.0,2,-1.1809630779075282,-0.752333883085841,-0.5811788329028215,1
1,1,2,0,0,0.4848297939316548,3.084699677219855,2.1240132463213794,0.2657762923734712,1.0,1,2.6571832256420795,-1.3402455965405464,0.34336600398822,1
1,1,2,1,0,2.047608047727185,-0.9437847057661096,1.544838160801129,0.2657762923734712,1.0,0,1.2083805412363822,1.0193792290679435,0.2112881701466426,1
1,0,0,0,0,1.2757004448531617,2.219406445596981,2.149194771778782,0.2657762923734712,0.0,0,2.764996324056394,-0.7970463428418645,0.34910851850307134,0
0,1,0,0,0,-0.46276487173522807,-0.9437847057661096,-2.207209132351797,0.2657762923734712,1.0,1,-1.102413534777099,1.0193792290679435,-0.6443464925661846,1
1,1,2,0,0,1.081608070720098,-0.9437847057661096,0.2353988370162153,0.2657762923734712,1.0,1,0.3191791771716523,1.0193792290679435,-0.08732258462561909,1
1,1,0,0,0,0.36603187528124514,1.6227265929961079,0.10949120972920436,0.2657762923734712,1.0,1,1.499989302661767,-0.8953833653508516,-0.11603515719987506,1
0,0,0,0,0,-0.4549565578333232,-0.9437847057661096,-1.3258557413427203,0.2657762923734712,0.0,2,-1.0952259948828114,1.0193792290679435,-0.44335848454639293,0
1,1,1,0,0,-0.6741470837939383,0.4293668877943623,0.5627586679624438,0.2657762923734712,0.0,0,-0.31281093781892655,-0.7740594417208048,-0.01266989593255367,0
1,1,0,0,0,-0.834217518782988,1.7752989922806048,-0.09196099393001314,0.2657762923734712,1.0,2,0.5045150273029269,-1.633962666893148,-0.16197527331868464,1
0,0,0,1,0,-1.1337221305917673,-0.9437847057661096,-1.7791231995759598,0.2657762923734712,1.0,1,-1.7200285699791025,1.0193792290679435,-0.5467237458137142,1
0,0,0,0,0,-0.6016413118476789,-0.9437847057661096,-0.9984959103964919,0.2657762923734712,1.0,1,-1.2302490657540721,1.0193792290679435,-0.3687057958533274,1
0,0,0,0,1,-0.778443848055096,0.2861064189826281,-0.6207730285354591,-0.649479813813318,1.0,1,-0.5114950763253067,-0.7309509327094136,-0.168866290736506,0
0,0,0,0,0,-0.27090344443128006,-0.9437847057661096,-1.1999481140557093,0.2657762923734712,0.0,2,-0.9258054116603165,1.0193792290679435,-0.41464591197213696,0
1,0,0,0,0,0.6292836011168947,-0.9437847057661096,0.008765107899595607,0.2657762923734712,0.0,0,-0.09718474099029686,1.0193792290679435,-0.13900521525927986,0
1,1,0,0,0,-1.2475004188766667,1.5926418945456438,0.18503578610141092,0.2657762923734712,1.0,1,-0.006827096604966347,-1.9208540394696643,-0.09880761365532155,1
1,1,0,0,0,-0.02661476664311363,0.2975672564875669,0.6383032443346504,0.2657762923734712,0.0,0,0.18877666766100484,-0.3230935968980208,0.004557647611999837,0
1,1,1,0,1,3.3488077858089023,-0.9437847057661096,0.7893923970790635,0.2657762923734712,1.0,0,2.4061327250487463,1.0193792290679435,0.03901273470110708,0
1,1,1,1,0,-0.778443848055096,0.8469711543805674,-0.8474067576520788,0.2657762923734712,1.0,1,-0.10950623795193284,-1.1378761606316155,-0.3342507087642203,1
1,1,2,0,0,0.31806651845525813,-0.9437847057661096,-0.5955915030780569,0.2657762923734712,1.0,2,-0.3836595453483334,1.0193792290679435,-0.27682556361570837,0
1,1,2,1,0,-0.004863035059235799,0.06691790170067487,0.8397554479938678,0.2657762923734712,1.0,0,0.043485682655047236,-0.1309598231600665,0.05049776373080942,1
1,1,0,1,0,-1.1894958013196593,-0.19811396560103334,-0.6459545539928613,0.2657762923734712,1.0,1,-1.236923209941625,-0.558180631738383,-0.2883105926454108,1
1,1,0,1,0,-0.5553491651435286,0.2495749994356359,-0.5955915030780569,2.09628850474705,0.0,2,-0.33231997467485014,-0.5519311990607552,-0.4203884264869881,0
1,1,0,0,0,-0.0762533335909374,1.420013029627504,0.462032566132835,-2.4799920261868964,1.0,0,0.9475755222150872,-1.0092062274842886,0.7797971071169104,1
0,0,0,0,0,-0.6869750280613534,0.10130041421549106,-0.34377624850403504,0.2657762923734712,1.0,2,-0.559754272758381,-0.5010490569103133,-0.21940041846719643,1
0,0,0,0,0,0.07154689383797606,-0.9437847057661096,-0.21786862121702408,0.2657762923734712,1.0,1,-0.6105804477251294,1.0193792290679435,-0.1906878458929406,1
1,1,0,1,1,-0.7734242176895858,1.526742078892246,1.0412076516530853,-2.4799920261868964,0.0,0,0.38232684910003667,-1.486127973261292,1.0439527748000652,0
1,1,1,0,0,1.815031840791876,0.2502913017796946,-0.34377624850403504,0.2657762923734712,0.0,2,1.8501251746549228,0.19666584355224384,-0.21940041846719643,0
1,1,1,0,0,2.2779533078333785,0.6678955683658997,1.4189305335141182,0.2657762923734712,1.0,2,2.575553308271241,0.0608310936641706,0.18257559757238676,1
1,0,0,0,0,-0.36962284161964865,-0.9437847057661096,-1.3510372668001225,0.2657762923734712,1.0,2,-1.0166764517523819,1.0193792290679435,-0.44910099906124407,1
1,0,0,0,0,-0.8459299896358452,-0.9437847057661096,-1.6280340468315466,0.2657762923734712,1.0,2,-1.4551163853039288,1.0193792290679435,-0.5122686587246071,1
1,0,0,0,0,0.3816485030850549,0.5511382862843364,0.10949120972920436,0.2657762923734712,1.0,1,0.746324405175033,-0.33786499681325605,-0.11603515719987506,0
1,1,0,0,0,1.2572951335129572,-0.9437847057661096,0.10949120972920436,0.2657762923734712,1.0,1,0.4808988247931245,1.0193792290679435,-0.11603515719987506,1
1,1,3,0,0,0.06150763310695553,-0.9437847057661096,-2.106483030522188,-2.4799920261868964,1.0,0,-0.6198215704463563,1.0193792290679435,-0.3916758539127322,1
1,0,0,1,0,-0.35567942393767565,-0.9437847057661096,-1.0992220122261007,-4.6766066810351905,1.0,1,-1.003841559084011,1.0193792290679435,3.7429345967801244,0
1,0,0,0,0,-0.5715235296546173,1.0554151365016406,0.5123956170476394,0.2657762923734712,1.0,1,0.23036171990652626,-1.1122826204650305,-0.02415492496225601,1
0,1,0,0,0,0.10278014944559552,0.7080084996331852,1.4692935844289225,0.2657762923734712,1.0,1,0.602060211582545,-0.5452595458997179,0.19406062660208911,1
1,1,1,1,0,-0.2764808115040692,-0.16802926715056915,0.2857618879310197,0.2657762923734712,1.0,2,-0.37493181833384126,-0.020565671122113202,-0.07583755559591676,1
1,1,3,1,1,1.7313713347000381,-0.9437847057661096,0.033946633356997796,-4.310504238560475,1.0,2,0.9172851755177321,1.0193792290679435,3.455808871037565,1
1,1,0,0,0,-0.060636705787127675,0.9680262505264827,0.9656630752808788,0.2657762923734712,1.0,1,0.6379979110539833,-0.772222030178635,0.07921033630506538,1
1,1,0,0,0,-1.0394646270616301,0.19585232363123561,-0.6963176049076657,0.2657762923734712,1.0,1,-0.8164521261257972,-0.8612746476509596,-0.29979562167511314,1
1,0,0,1,0,-0.6919946584268637,-0.9437847057661096,-1.4769448940871335,-0.649479813813318,1.0,0,-1.313419170245115,1.0193792290679435,-0.4031608829424345,0
0,1,0,1,0,0.05816121286328202,-0.9437847057661096,0.008765107899595607,0.2657762923734712,1.0,0,-0.6229019446867654,1.0193792290679435,-0.13900521525927986,1
0,1,1,0,0,0.37384018918315004,-0.9437847057661096,0.2857618879310197,0.2657762923734712,1.0,2,-0.33231997467485014,1.0193792290679435,-0.07583755559591676,1
1,1,0,0,0,-0.6674542433065912,0.6700444753980757,-0.04159794301520877,0.2657762923734712,1.0,1,-0.1341492318752048,-0.9432107633520755,-0.1504902442889822,1
1,0,0,1,0,1.238332085465474,-0.9437847057661096,0.2353988370162153,0.2657762923734712,1.0,0,0.4634433707641402,1.0193792290679435,-0.08732258462561909,0
0,0,1,0,0,-0.19170483199767357,-0.9437847057661096,-0.7214991303650679,0.2657762923734712,1.0,1,-0.8529032213039703,1.0193792290679435,-0.30553813618996434,1
1,0,0,0,0,-0.07681107029821632,-0.9437847057661096,-1.1999481140557093,0.2657762923734712,1.0,1,-0.7471437057165948,1.0193792290679435,-0.41464591197213696,1
1,1,2,1,0,-0.22014940406889844,0.19513602128717694,0.10949120972920436,0.2657762923734712,1.0,0,-0.0627872286390631,-0.32858331803848845,-0.11603515719987506,1
1,0,0,0,0,-0.834217518782988,-0.9437847057661096,-1.7287601486611555,0.2657762923734712,1.0,1,-1.4443350754624973,1.0193792290679435,-0.5352387167840119,1
1,1,0,1,1,0.4123240219853954,-0.9437847057661096,0.36130646430322627,0.2657762923734712,1.0,2,-0.29689567091014674,1.0193792290679435,-0.05861001205136314,0
1,1,2,1,0,-0.9407452298732615,-0.04482526397247778,0.033946633356997796,0.2657762923734712,0.0,0,-0.8980820434966356,-0.5302855432970426,-0.13326270074442867,0
1,1,1,1,0,0.3113736779679111,-0.06344912491800322,0.86493697345127,0.2657762923734712,1.0,2,0.24114302974795776,0.08412340633940346,0.05624027824566059,1
1,1,3,1,0,-0.5023641779520313,-0.9437847057661096,-0.26823167213182847,0.2657762923734712,1.0,0,-1.138864629955272,1.0193792290679435,-0.20217287492264294,1
1,0,0,0,0,-0.45384108441876536,1.145669231853033,0.9404815498234765,0.2657762923734712,1.0,2,0.4033760730761648,-1.085414426019345,0.07346782179021422,1
1,1,2,1,0,-0.6172579396514886,-0.9437847057661096,-1.9805754032351772,-2.4799920261868964,0.0,2,-1.2446241455426474,1.0193792290679435,-0.3342507087642203,0
0,0,0,0,0,0.5601242494143088,-0.9437847057661096,0.21021731155881312,0.2657762923734712,1.0,0,-0.1608458086254161,1.0193792290679435,-0.09306509914047038,1
0,0,1,0,0,0.4056311814980484,-0.9437847057661096,-1.0740404867686986,0.2657762923734712,1.0,1,-0.3030564193909647,1.0193792290679435,-0.385933339397881,0
1,1,1,0,0,-0.13704663468433953,-0.9437847057661096,-0.1926870957596219,0.2657762923734712,1.0,1,-0.8025904420439567,1.0193792290679435,-0.18494533137808933,1
1,0,0,0,0,-0.41368404149468324,-0.9437847057661096,-1.8546677759481662,0.2657762923734712,1.0,2,-1.0572347125844337,1.0193792290679435,-0.5639512893582679,1
1,0,0,0,0,-1.1599357558338765,2.682854062202941,-1.4265818431723292,0.2657762923734712,1.0,0,0.8551642950028174,-2.1732351050228558,-0.46632854260579765,0
1,1,0,0,0,-0.4181459351529146,0.07121571576502689,0.36130646430322627,0.2657762923734712,1.0,1,-0.3338601617950547,-0.31794331219234384,-0.05861001205136314,1
1,1,0,1,0,-0.23632376857998708,2.003083137691262,0.7138478207068569,0.2657762923734712,0.0,0,1.218135059664344,-1.3361887247932236,0.02178519115655346,0
1,0,0,0,0,-0.13704663468433953,-0.9437847057661096,-0.5955915030780569,0.2657762923734712,1.0,2,-0.8025904420439567,1.0193792290679435,-0.27682556361570837,1
1,1,0,1,0,0.10724204310382686,-0.9437847057661096,-0.21786862121702408,-2.4799920261868964,1.0,1,-0.5777231224941001,1.0193792290679435,0.46970132331494613,1
0,0,0,0,0,-1.0361182068179566,-0.9437847057661096,-0.6207730285354591,0.2657762923734712,0.0,1,-1.6301843213005067,1.0193792290679435,-0.2825680781305595,0
1,0,0,1,0,-0.9201089717039415,0.20229904472776364,0.21021731155881312,0.2657762923734712,1.0,1,-0.7019648835239296,-0.7650307030099479,-0.09306509914047038,1
0,0,2,0,0,-0.3171955911354303,-0.9437847057661096,0.36130646430322627,0.2657762923734712,1.0,2,-0.9684172553193077,1.0193792290679435,-0.05861001205136314,0
1,1,0,0,0,-0.6752625572084962,0.5002808198561707,-0.34377624850403504,0.2657762923734712,1.0,0,-0.26301155426564776,-0.8285721989458021,-0.21940041846719643,1
1,0,0,0,1,1.6477108286082005,-0.9437847057661096,1.2930229062271072,-2.4799920261868964,1.0,1,0.8402758195075073,1.0193792290679435,1.1588030650970889,1
1,1,0,0,1,3.103403634606178,-0.9437847057661096,1.6959273135455422,0.2657762923734712,1.0,1,2.18023861408542,1.0193792290679435,0.24574325723574986,1
1,1,1,0,1,-0.8927798730472745,-0.9437847057661096,0.10949120972920436,0.2657762923734712,1.0,1,-1.4982416246696548,1.0193792290679435,-0.11603515719987506,1
0,0,0,0,0,0.09497183554369065,-0.9437847057661096,-2.0057569286925796,0.2657762923734712,1.0,1,-0.5890178280422664,1.0193792290679435,-0.5984063764473749,1
1,1,2,0,0,-0.15545194602454385,-0.9437847057661096,-0.09196099393001314,0.2657762923734712,1.0,1,-0.8195325003662062,1.0193792290679435,-0.16197527331868464,1
1,0,0,1,0,-0.22182261419073518,-0.021903588962600317,-0.5955915030780569,0.2657762923734712,1.0,0,-0.21988631489992183,-0.1400539092224144,-0.27682556361570837,0
0,1,0,0,0,-0.46220713502794913,0.6915335457198358,0.7642108716216612,0.2657762923734712,1.0,1,0.07018225940525853,-0.8241122703000473,0.0332702201862558,1
